{"MEMORY": 0.6000000000000001, "COMMAND": 0.7000000000000001, "QUERY": 0.5000000000000001, "CHAT": 0.20000000000000015}