{"COMMAND": 0.5000000000000001, "MEMORY": 0.9, "CHAT": 0.40000000000000013, "IMAGINE": 0.9}